Workbook

Sheet Scenario Details
A1: North Texas @ Tulane | B1: UNLV @ Boise State | C1: BYU vs Texas Tech | D1: Duke vs Virginia | E1: Georgia vs Alabama | F1: Troy @ James Madison | G1: Indiana vs Ohio State | H1: 1 | I1: 2 | J1: 3 | K1: 4 | L1: 5 | M1: 6 | N1: 7 | O1: 8 | P1: 9 | Q1: 10 | R1: 11 | S1: 12 | T1: 13 | U1: 14 | V1: 15 | W1: 16 | X1: 17 | Y1: 18 | Z1: 19 | AA1: 20 | AB1: 21 | AC1: 22 | AD1: 23 | AE1: 24 | AF1: 25 | AG1: 26 | AH1: 27 | AI1: 28 | AJ1: 29 | AK1: 30 | AL1: 31 | AM1: 32 | AN1: 33 | AO1: 34 | AP1: 35 | AQ1: 36 | AR1: 37 | AS1: 38 | AT1: 39 | AU1: 40 | AV1: 41 | AW1: 42 | AX1: 43 | AY1: 44 | AZ1: 45 | BA1: 46 | BB1: 47 | BC1: 48 | BD1: 49 | BE1: 50 | BF1: 51 | BG1: 52 | BH1: 53 | BI1: 54 | BJ1: 55 | BK1: 56 | BL1: 57 | BM1: 58 | BN1: 59 | BO1: 60 | BP1: 61 | BQ1: 62 | BR1: 63 | BS1: 64 | BT1: 65 | BU1: 66 | BV1: 67 | BW1: 68 | BX1: 69 | BY1: 70 | BZ1: 71 | CA1: 72 | CB1: 73 | CC1: 74 | CD1: 75 | CE1: 76 | CF1: 77 | CG1: 78 | CH1: 79 | CI1: 80 | CJ1: 81 | CK1: 82 | CL1: 83 | CM1: 84 | CN1: 85 | CO1: 86 | CP1: 87 | CQ1: 88 | CR1: 89 | CS1: 90 | CT1: 91 | CU1: 92 | CV1: 93 | CW1: 94 | CX1: 95 | CY1: 96 | CZ1: 97 | DA1: 98 | DB1: 99 | DC1: 100 | DD1: 101 | DE1: 102 | DF1: 103 | DG1: 104 | DH1: 105 | DI1: 106 | DJ1: 107 | DK1: 108 | DL1: 109 | DM1: 110 | DN1: 111 | DO1: 112 | DP1: 113 | DQ1: 114 | DR1: 115 | DS1: 116 | DT1: 117 | DU1: 118 | DV1: 119 | DW1: 120 | DX1: 121 | DY1: 122 | DZ1: 123 | EA1: 124 | EB1: 125 | EC1: 126 | ED1: 127 | EE1: 128 | EF1: 129 | EG1: 130 | EH1: 131 | EI1: 132 | EJ1: 133 | EK1: 134 | EL1: 135 | EM1: 136
A2: North Texas | B2: UNLV | C2: BYU | D2: Duke | E2: Georgia | F2: Troy | G2: Indiana | H2: Indiana | I2: BYU | J2: Ohio State | K2: Georgia | L2: Oregon | M2: Ole Miss | N2: Oklahoma | O2: Texas A&M | P2: Texas Tech | Q2: Alabama | R2: Miami | S2: North Texas | T2: Utah | U2: Vanderbilt | V2: Notre Dame | W2: USC | X2: Michigan | Y2: Arizona | Z2: Texas | AA2: Virginia | AB2: Navy | AC2: James Madison | AD2: UNLV | AE2: Illinois | AF2: Georgia Tech | AG2: Arizona State | AH2: South Florida | AI2: Tulane | AJ2: Iowa | AK2: Houston | AL2: TCU | AM2: Iowa State | AN2: Duke | AO2: Louisville | AP2: LSU | AQ2: Tennessee | AR2: SMU | AS2: Pittsburgh | AT2: Washington | AU2: Missouri | AV2: Wake Forest | AW2: NC State | AX2: Old Dominion | AY2: New Mexico | AZ2: Kennesaw State | BA2: San Diego State | BB2: Boise State | BC2: UConn | BD2: East Carolina | BE2: Cincinnati | BF2: Minnesota | BG2: Troy | BH2: Memphis | BI2: Nebraska | BJ2: Clemson | BK2: Penn State | BL2: Hawai'i | BM2: Fresno State | BN2: California | BO2: Northwestern | BP2: Western Kentucky | BQ2: Western Michigan | BR2: Jacksonville State | BS2: Toledo | BT2: Washington State | BU2: Kansas State | BV2: Mississippi State | BW2: Auburn | BX2: Utah State | BY2: Kentucky | BZ2: Southern Miss | CA2: Florida | CB2: Florida International | CC2: Missouri State | CD2: UTSA | CE2: Rutgers | CF2: Ohio | CG2: Louisiana Tech | CH2: Florida State | CI2: South Carolina | CJ2: Army | CK2: Kansas | CL2: Wisconsin | CM2: Georgia Southern | CN2: Miami (OH) | CO2: Baylor | CP2: West Virginia | CQ2: UCF | CR2: Texas State | CS2: Central Michigan | CT2: Louisiana | CU2: Temple | CV2: Coastal Carolina | CW2: Rice | CX2: Arkansas State | CY2: Stanford | CZ2: Michigan State | DA2: Marshall | DB2: Delaware | DC2: UCLA | DD2: Virginia Tech | DE2: Colorado | DF2: Maryland | DG2: Air Force | DH2: UAB | DI2: North Carolina | DJ2: Florida Atlantic | DK2: App State | DL2: Syracuse | DM2: Purdue | DN2: Arkansas | DO2: Liberty | DP2: South Alabama | DQ2: Buffalo | DR2: Wyoming | DS2: Kent State | DT2: Tulsa | DU2: Akron | DV2: Nevada | DW2: New Mexico State | DX2: San José State | DY2: Boston College | DZ2: Eastern Michigan | EA2: Ball State | EB2: Colorado State | EC2: Bowling Green | ED2: UL Monroe | EE2: Oregon State | EF2: Middle Tennessee | EG2: Oklahoma State | EH2: Northern Illinois | EI2: Georgia State | EJ2: Charlotte | EK2: Sam Houston | EL2: UTEP | EM2: Massachusetts
A3: North Texas | B3: UNLV | C3: BYU | D3: Duke | E3: Alabama | F3: Troy | G3: Indiana | H3: Indiana | I3: BYU | J3: Ohio State | K3: Oregon | L3: Alabama | M3: Oklahoma | N3: Ole Miss | O3: Texas A&M | P3: Georgia | Q3: Texas Tech | R3: Miami | S3: North Texas | T3: Utah | U3: Vanderbilt | V3: Notre Dame | W3: USC | X3: Michigan | Y3: Arizona | Z3: Texas | AA3: Virginia | AB3: Navy | AC3: James Madison | AD3: UNLV | AE3: Illinois | AF3: Georgia Tech | AG3: Arizona State | AH3: South Florida | AI3: Tulane | AJ3: Iowa | AK3: Houston | AL3: TCU | AM3: Iowa State | AN3: Duke | AO3: LSU | AP3: Louisville | AQ3: Tennessee | AR3: Missouri | AS3: SMU | AT3: Pittsburgh | AU3: Washington | AV3: Wake Forest | AW3: NC State | AX3: Old Dominion | AY3: New Mexico | AZ3: Kennesaw State | BA3: San Diego State | BB3: Boise State | BC3: UConn | BD3: East Carolina | BE3: Cincinnati | BF3: Minnesota | BG3: Troy | BH3: Memphis | BI3: Nebraska | BJ3: Clemson | BK3: Penn State | BL3: Hawai'i | BM3: Fresno State | BN3: California | BO3: Northwestern | BP3: Western Kentucky | BQ3: Western Michigan | BR3: Jacksonville State | BS3: Toledo | BT3: Washington State | BU3: Kansas State | BV3: Auburn | BW3: Utah State | BX3: Mississippi State | BY3: Kentucky | BZ3: Southern Miss | CA3: Florida International | CB3: Missouri State | CC3: UTSA | CD3: Rutgers | CE3: Florida | CF3: Ohio | CG3: Florida State | CH3: Louisiana Tech | CI3: South Carolina | CJ3: Wisconsin | CK3: Army | CL3: Kansas | CM3: Miami (OH) | CN3: Georgia Southern | CO3: Baylor | CP3: West Virginia | CQ3: UCF | CR3: Texas State | CS3: Central Michigan | CT3: Louisiana | CU3: Coastal Carolina | CV3: Temple | CW3: Rice | CX3: Arkansas State | CY3: Stanford | CZ3: Michigan State | DA3: Delaware | DB3: UCLA | DC3: Marshall | DD3: Virginia Tech | DE3: Colorado | DF3: Maryland | DG3: Air Force | DH3: UAB | DI3: North Carolina | DJ3: Florida Atlantic | DK3: App State | DL3: Syracuse | DM3: Purdue | DN3: Arkansas | DO3: Liberty | DP3: South Alabama | DQ3: Buffalo | DR3: Wyoming | DS3: Kent State | DT3: Tulsa | DU3: Akron | DV3: Nevada | DW3: New Mexico State | DX3: San José State | DY3: Boston College | DZ3: Eastern Michigan | EA3: Ball State | EB3: UL Monroe | EC3: Colorado State | ED3: Bowling Green | EE3: Oregon State | EF3: Middle Tennessee | EG3: Oklahoma State | EH3: Northern Illinois | EI3: Georgia State | EJ3: Charlotte | EK3: Sam Houston | EL3: UTEP | EM3: Massachusetts
A4: North Texas | B4: Boise State | C4: BYU | D4: Duke | E4: Georgia | F4: Troy | G4: Indiana | H4: Indiana | I4: BYU | J4: Ohio State | K4: Georgia | L4: Oregon | M4: Ole Miss | N4: Oklahoma | O4: Texas A&M | P4: Texas Tech | Q4: Alabama | R4: Miami | S4: North Texas | T4: Utah | U4: Notre Dame | V4: Vanderbilt | W4: USC | X4: Michigan | Y4: Arizona | Z4: Texas | AA4: Virginia | AB4: Navy | AC4: James Madison | AD4: Illinois | AE4: Georgia Tech | AF4: South Florida | AG4: Arizona State | AH4: Tulane | AI4: Iowa | AJ4: Houston | AK4: Boise State | AL4: TCU | AM4: Iowa State | AN4: Duke | AO4: Louisville | AP4: LSU | AQ4: Tennessee | AR4: UNLV | AS4: SMU | AT4: Pittsburgh | AU4: Washington | AV4: Missouri | AW4: Wake Forest | AX4: NC State | AY4: Old Dominion | AZ4: San Diego State | BA4: New Mexico | BB4: Kennesaw State | BC4: UConn | BD4: East Carolina | BE4: Cincinnati | BF4: Minnesota | BG4: Troy | BH4: Memphis | BI4: Nebraska | BJ4: Clemson | BK4: Penn State | BL4: Hawai'i | BM4: Fresno State | BN4: California | BO4: Northwestern | BP4: Western Kentucky | BQ4: Western Michigan | BR4: Jacksonville State | BS4: Washington State | BT4: Toledo | BU4: Kansas State | BV4: Mississippi State | BW4: Auburn | BX4: Utah State | BY4: Kentucky | BZ4: Southern Miss | CA4: Florida | CB4: UTSA | CC4: Florida International | CD4: Missouri State | CE4: Rutgers | CF4: Ohio | CG4: Louisiana Tech | CH4: Florida State | CI4: South Carolina | CJ4: Army | CK4: Kansas | CL4: Georgia Southern | CM4: Wisconsin | CN4: Baylor | CO4: Miami (OH) | CP4: West Virginia | CQ4: UCF | CR4: Texas State | CS4: Central Michigan | CT4: Louisiana | CU4: Coastal Carolina | CV4: Temple | CW4: Rice | CX4: Arkansas State | CY4: Stanford | CZ4: Michigan State | DA4: Marshall | DB4: Delaware | DC4: UCLA | DD4: Virginia Tech | DE4: Colorado | DF4: Maryland | DG4: Air Force | DH4: UAB | DI4: North Carolina | DJ4: App State | DK4: Florida Atlantic | DL4: Syracuse | DM4: Purdue | DN4: Arkansas | DO4: Liberty | DP4: South Alabama | DQ4: Buffalo | DR4: Kent State | DS4: Wyoming | DT4: Tulsa | DU4: Nevada | DV4: Akron | DW4: New Mexico State | DX4: San José State | DY4: Boston College | DZ4: Eastern Michigan | EA4: Ball State | EB4: Colorado State | EC4: Bowling Green | ED4: UL Monroe | EE4: Oregon State | EF4: Middle Tennessee | EG4: Oklahoma State | EH4: Northern Illinois | EI4: Georgia State | EJ4: Charlotte | EK4: Sam Houston | EL4: UTEP | EM4: Massachusetts
A5: North Texas | B5: Boise State | C5: BYU | D5: Duke | E5: Alabama | F5: Troy | G5: Indiana | H5: Indiana | I5: BYU | J5: Ohio State | K5: Oregon | L5: Alabama | M5: Oklahoma | N5: Ole Miss | O5: Texas A&M | P5: Georgia | Q5: Texas Tech | R5: Miami | S5: North Texas | T5: Utah | U5: Vanderbilt | V5: Notre Dame | W5: USC | X5: Michigan | Y5: Arizona | Z5: Texas | AA5: Virginia | AB5: Navy | AC5: James Madison | AD5: Illinois | AE5: South Florida | AF5: Georgia Tech | AG5: Arizona State | AH5: Tulane | AI5: Iowa | AJ5: Houston | AK5: Boise State | AL5: TCU | AM5: Iowa State | AN5: Duke | AO5: LSU | AP5: Louisville | AQ5: Tennessee | AR5: Missouri | AS5: UNLV | AT5: SMU | AU5: Pittsburgh | AV5: Washington | AW5: Wake Forest | AX5: NC State | AY5: Old Dominion | AZ5: San Diego State | BA5: New Mexico | BB5: Kennesaw State | BC5: UConn | BD5: East Carolina | BE5: Cincinnati | BF5: Minnesota | BG5: Troy | BH5: Memphis | BI5: Nebraska | BJ5: Clemson | BK5: Penn State | BL5: Hawai'i | BM5: Fresno State | BN5: California | BO5: Northwestern | BP5: Western Kentucky | BQ5: Western Michigan | BR5: Jacksonville State | BS5: Washington State | BT5: Toledo | BU5: Kansas State | BV5: Auburn | BW5: Utah State | BX5: Mississippi State | BY5: Kentucky | BZ5: Southern Miss | CA5: Florida International | CB5: UTSA | CC5: Missouri State | CD5: Rutgers | CE5: Florida | CF5: Ohio | CG5: Florida State | CH5: Louisiana Tech | CI5: South Carolina | CJ5: Wisconsin | CK5: Army | CL5: Kansas | CM5: Georgia Southern | CN5: Baylor | CO5: Miami (OH) | CP5: West Virginia | CQ5: UCF | CR5: Texas State | CS5: Central Michigan | CT5: Louisiana | CU5: Coastal Carolina | CV5: Temple | CW5: Rice | CX5: Arkansas State | CY5: Stanford | CZ5: Michigan State | DA5: Delaware | DB5: Marshall | DC5: UCLA | DD5: Virginia Tech | DE5: Colorado | DF5: Maryland | DG5: Air Force | DH5: UAB | DI5: North Carolina | DJ5: App State | DK5: Florida Atlantic | DL5: Syracuse | DM5: Purdue | DN5: Arkansas | DO5: Liberty | DP5: South Alabama | DQ5: Buffalo | DR5: Kent State | DS5: Wyoming | DT5: Tulsa | DU5: Nevada | DV5: Akron | DW5: New Mexico State | DX5: San José State | DY5: Boston College | DZ5: Eastern Michigan | EA5: Ball State | EB5: UL Monroe | EC5: Colorado State | ED5: Bowling Green | EE5: Oregon State | EF5: Middle Tennessee | EG5: Oklahoma State | EH5: Northern Illinois | EI5: Georgia State | EJ5: Charlotte | EK5: Sam Houston | EL5: UTEP | EM5: Massachusetts
A6: North Texas | B6: UNLV | C6: Texas Tech | D6: Duke | E6: Georgia | F6: Troy | G6: Indiana | H6: Indiana | I6: Ohio State | J6: Georgia | K6: Texas Tech | L6: BYU | M6: Oregon | N6: Ole Miss | O6: Oklahoma | P6: Texas A&M | Q6: Alabama | R6: North Texas | S6: Miami | T6: Utah | U6: Vanderbilt | V6: Notre Dame | W6: USC | X6: Michigan | Y6: Arizona | Z6: Texas | AA6: Virginia | AB6: Navy | AC6: James Madison | AD6: UNLV | AE6: Illinois | AF6: Georgia Tech | AG6: Arizona State | AH6: South Florida | AI6: Houston | AJ6: Tulane | AK6: Iowa | AL6: Duke | AM6: Louisville | AN6: TCU | AO6: Iowa State | AP6: LSU | AQ6: Tennessee | AR6: SMU | AS6: Pittsburgh | AT6: Washington | AU6: Missouri | AV6: Wake Forest | AW6: NC State | AX6: Old Dominion | AY6: New Mexico | AZ6: Kennesaw State | BA6: San Diego State | BB6: Boise State | BC6: UConn | BD6: East Carolina | BE6: Cincinnati | BF6: Minnesota | BG6: Troy | BH6: Memphis | BI6: Nebraska | BJ6: Clemson | BK6: Penn State | BL6: Hawai'i | BM6: Fresno State | BN6: California | BO6: Northwestern | BP6: Western Kentucky | BQ6: Western Michigan | BR6: Kansas State | BS6: Jacksonville State | BT6: Toledo | BU6: Washington State | BV6: Mississippi State | BW6: Auburn | BX6: Utah State | BY6: Kentucky | BZ6: Southern Miss | CA6: Florida | CB6: Florida International | CC6: Missouri State | CD6: UTSA | CE6: Rutgers | CF6: Ohio | CG6: Louisiana Tech | CH6: Florida State | CI6: Kansas | CJ6: South Carolina | CK6: Army | CL6: Wisconsin | CM6: Georgia Southern | CN6: Miami (OH) | CO6: Baylor | CP6: West Virginia | CQ6: UCF | CR6: Texas State | CS6: Central Michigan | CT6: Louisiana | CU6: Temple | CV6: Coastal Carolina | CW6: Rice | CX6: Arkansas State | CY6: Michigan State | CZ6: Stanford | DA6: Marshall | DB6: Delaware | DC6: UCLA | DD6: Virginia Tech | DE6: Colorado | DF6: Maryland | DG6: Air Force | DH6: UAB | DI6: North Carolina | DJ6: Florida Atlantic | DK6: App State | DL6: Syracuse | DM6: Purdue | DN6: Arkansas | DO6: Liberty | DP6: South Alabama | DQ6: Buffalo | DR6: Kent State | DS6: Wyoming | DT6: Tulsa | DU6: Akron | DV6: Nevada | DW6: New Mexico State | DX6: San José State | DY6: Boston College | DZ6: Eastern Michigan | EA6: Ball State | EB6: Colorado State | EC6: Bowling Green | ED6: UL Monroe | EE6: Oregon State | EF6: Middle Tennessee | EG6: Oklahoma State | EH6: Northern Illinois | EI6: Georgia State | EJ6: Charlotte | EK6: Sam Houston | EL6: UTEP | EM6: Massachusetts
A7: North Texas | B7: UNLV | C7: Texas Tech | D7: Duke | E7: Alabama | F7: Troy | G7: Indiana | H7: Indiana | I7: Ohio State | J7: Texas Tech | K7: BYU | L7: Oregon | M7: Alabama | N7: Oklahoma | O7: Ole Miss | P7: Texas A&M | Q7: Georgia | R7: Miami | S7: North Texas | T7: Utah | U7: Vanderbilt | V7: Notre Dame | W7: USC | X7: Michigan | Y7: Arizona | Z7: Texas | AA7: Virginia | AB7: Navy | AC7: James Madison | AD7: UNLV | AE7: Illinois | AF7: Arizona State | AG7: Georgia Tech | AH7: South Florida | AI7: Houston | AJ7: Tulane | AK7: Iowa | AL7: Duke | AM7: LSU | AN7: Louisville | AO7: TCU | AP7: Iowa State | AQ7: Tennessee | AR7: Missouri | AS7: SMU | AT7: Pittsburgh | AU7: Washington | AV7: Wake Forest | AW7: NC State | AX7: Old Dominion | AY7: New Mexico | AZ7: Kennesaw State | BA7: San Diego State | BB7: Boise State | BC7: UConn | BD7: East Carolina | BE7: Cincinnati | BF7: Minnesota | BG7: Troy | BH7: Memphis | BI7: Nebraska | BJ7: Clemson | BK7: Penn State | BL7: Hawai'i | BM7: Fresno State | BN7: California | BO7: Northwestern | BP7: Western Kentucky | BQ7: Western Michigan | BR7: Kansas State | BS7: Jacksonville State | BT7: Toledo | BU7: Washington State | BV7: Auburn | BW7: Utah State | BX7: Mississippi State | BY7: Kentucky | BZ7: Southern Miss | CA7: Florida International | CB7: Missouri State | CC7: UTSA | CD7: Rutgers | CE7: Florida | CF7: Ohio | CG7: Florida State | CH7: Louisiana Tech | CI7: South Carolina | CJ7: Kansas | CK7: Wisconsin | CL7: Army | CM7: Miami (OH) | CN7: Georgia Southern | CO7: Baylor | CP7: West Virginia | CQ7: UCF | CR7: Texas State | CS7: Central Michigan | CT7: Louisiana | CU7: Coastal Carolina | CV7: Temple | CW7: Rice | CX7: Arkansas State | CY7: Michigan State | CZ7: Stanford | DA7: Delaware | DB7: UCLA | DC7: Marshall | DD7: Virginia Tech | DE7: Colorado | DF7: Maryland | DG7: Air Force | DH7: UAB | DI7: North Carolina | DJ7: Florida Atlantic | DK7: App State | DL7: Syracuse | DM7: Purdue | DN7: Arkansas | DO7: Liberty | DP7: South Alabama | DQ7: Buffalo | DR7: Kent State | DS7: Wyoming | DT7: Tulsa | DU7: Akron | DV7: Nevada | DW7: New Mexico State | DX7: San José State | DY7: Boston College | DZ7: Ball State | EA7: Eastern Michigan | EB7: UL Monroe | EC7: Colorado State | ED7: Bowling Green | EE7: Oregon State | EF7: Middle Tennessee | EG7: Oklahoma State | EH7: Northern Illinois | EI7: Georgia State | EJ7: Charlotte | EK7: Sam Houston | EL7: UTEP | EM7: Massachusetts
A8: North Texas | B8: Boise State | C8: Texas Tech | D8: Duke | E8: Georgia | F8: Troy | G8: Indiana | H8: Indiana | I8: Ohio State | J8: Georgia | K8: Texas Tech | L8: BYU | M8: Oregon | N8: Ole Miss | O8: Oklahoma | P8: Texas A&M | Q8: Alabama | R8: Miami | S8: North Texas | T8: Utah | U8: Notre Dame | V8: Vanderbilt | W8: USC | X8: Michigan | Y8: Arizona | Z8: Texas | AA8: Virginia | AB8: Navy | AC8: James Madison | AD8: Illinois | AE8: Georgia Tech | AF8: Arizona State | AG8: South Florida | AH8: Houston | AI8: Tulane | AJ8: Iowa | AK8: Boise State | AL8: Duke | AM8: Louisville | AN8: TCU | AO8: Iowa State | AP8: LSU | AQ8: Tennessee | AR8: UNLV | AS8: Pittsburgh | AT8: SMU | AU8: Washington | AV8: Missouri | AW8: Wake Forest | AX8: NC State | AY8: Old Dominion | AZ8: San Diego State | BA8: New Mexico | BB8: Kennesaw State | BC8: UConn | BD8: East Carolina | BE8: Cincinnati | BF8: Minnesota | BG8: Troy | BH8: Memphis | BI8: Nebraska | BJ8: Clemson | BK8: Penn State | BL8: Hawai'i | BM8: Fresno State | BN8: California | BO8: Northwestern | BP8: Western Kentucky | BQ8: Western Michigan | BR8: Kansas State | BS8: Washington State | BT8: Jacksonville State | BU8: Toledo | BV8: Mississippi State | BW8: Auburn | BX8: Utah State | BY8: Kentucky | BZ8: Southern Miss | CA8: Florida | CB8: Florida International | CC8: Missouri State | CD8: UTSA | CE8: Rutgers | CF8: Ohio | CG8: Louisiana Tech | CH8: Florida State | CI8: Kansas | CJ8: South Carolina | CK8: Army | CL8: Georgia Southern | CM8: Wisconsin | CN8: Baylor | CO8: Miami (OH) | CP8: West Virginia | CQ8: UCF | CR8: Texas State | CS8: Central Michigan | CT8: Louisiana | CU8: Coastal Carolina | CV8: Temple | CW8: Rice | CX8: Arkansas State | CY8: Michigan State | CZ8: Stanford | DA8: Marshall | DB8: Delaware | DC8: UCLA | DD8: Virginia Tech | DE8: Colorado | DF8: Maryland | DG8: Air Force | DH8: UAB | DI8: North Carolina | DJ8: App State | DK8: Florida Atlantic | DL8: Syracuse | DM8: Purdue | DN8: Arkansas | DO8: Liberty | DP8: South Alabama | DQ8: Buffalo | DR8: Kent State | DS8: Wyoming | DT8: Tulsa | DU8: Nevada | DV8: Akron | DW8: New Mexico State | DX8: San José State | DY8: Boston College | DZ8: Eastern Michigan | EA8: Ball State | EB8: Colorado State | EC8: Bowling Green | ED8: UL Monroe | EE8: Oregon State | EF8: Middle Tennessee | EG8: Oklahoma State | EH8: Northern Illinois | EI8: Georgia State | EJ8: Charlotte | EK8: Sam Houston | EL8: UTEP | EM8: Massachusetts
A9: North Texas | B9: Boise State | C9: Texas Tech | D9: Duke | E9: Alabama | F9: Troy | G9: Indiana | H9: Indiana | I9: Ohio State | J9: Texas Tech | K9: BYU | L9: Oregon | M9: Alabama | N9: Oklahoma | O9: Ole Miss | P9: Texas A&M | Q9: Georgia | R9: Miami | S9: North Texas | T9: Utah | U9: Vanderbilt | V9: Notre Dame | W9: USC | X9: Michigan | Y9: Arizona | Z9: Texas | AA9: Virginia | AB9: Navy | AC9: James Madison | AD9: Illinois | AE9: Arizona State | AF9: South Florida | AG9: Georgia Tech | AH9: Houston | AI9: Tulane | AJ9: Iowa | AK9: Boise State | AL9: Duke | AM9: LSU | AN9: Louisville | AO9: TCU | AP9: Iowa State | AQ9: Tennessee | AR9: Missouri | AS9: UNLV | AT9: Pittsburgh | AU9: SMU | AV9: Washington | AW9: Wake Forest | AX9: NC State | AY9: Old Dominion | AZ9: San Diego State | BA9: New Mexico | BB9: Kennesaw State | BC9: UConn | BD9: East Carolina | BE9: Cincinnati | BF9: Minnesota | BG9: Troy | BH9: Memphis | BI9: Nebraska | BJ9: Clemson | BK9: Penn State | BL9: Hawai'i | BM9: Fresno State | BN9: California | BO9: Northwestern | BP9: Western Kentucky | BQ9: Western Michigan | BR9: Kansas State | BS9: Washington State | BT9: Jacksonville State | BU9: Toledo | BV9: Auburn | BW9: Utah State | BX9: Mississippi State | BY9: Kentucky | BZ9: Southern Miss | CA9: Florida International | CB9: Missouri State | CC9: UTSA | CD9: Rutgers | CE9: Florida | CF9: Ohio | CG9: Florida State | CH9: Louisiana Tech | CI9: South Carolina | CJ9: Kansas | CK9: Wisconsin | CL9: Army | CM9: Georgia Southern | CN9: Baylor | CO9: Miami (OH) | CP9: West Virginia | CQ9: UCF | CR9: Texas State | CS9: Central Michigan | CT9: Louisiana | CU9: Coastal Carolina | CV9: Temple | CW9: Rice | CX9: Arkansas State | CY9: Michigan State | CZ9: Stanford | DA9: Delaware | DB9: Marshall | DC9: UCLA | DD9: Virginia Tech | DE9: Colorado | DF9: Maryland | DG9: Air Force | DH9: UAB | DI9: North Carolina | DJ9: App State | DK9: Florida Atlantic | DL9: Syracuse | DM9: Purdue | DN9: Arkansas | DO9: Liberty | DP9: South Alabama | DQ9: Buffalo | DR9: Kent State | DS9: Wyoming | DT9: Tulsa | DU9: Nevada | DV9: Akron | DW9: New Mexico State | DX9: San José State | DY9: Boston College | DZ9: Ball State | EA9: Eastern Michigan | EB9: UL Monroe | EC9: Colorado State | ED9: Bowling Green | EE9: Oregon State | EF9: Middle Tennessee | EG9: Oklahoma State | EH9: Northern Illinois | EI9: Georgia State | EJ9: Charlotte | EK9: Sam Houston | EL9: UTEP | EM9: Massachusetts
A10: North Texas | B10: UNLV | C10: BYU | D10: Virginia | E10: Georgia | F10: Troy | G10: Indiana | H10: Indiana | I10: BYU | J10: Ohio State | K10: Georgia | L10: Oregon | M10: Ole Miss | N10: Oklahoma | O10: Texas A&M | P10: Texas Tech | Q10: Alabama | R10: Miami | S10: North Texas | T10: Utah | U10: Virginia | V10: Vanderbilt | W10: Notre Dame | X10: USC | Y10: Michigan | Z10: Arizona | AA10: Texas | AB10: Navy | AC10: James Madison | AD10: UNLV | AE10: Illinois | AF10: Georgia Tech | AG10: Arizona State | AH10: South Florida | AI10: Iowa | AJ10: Tulane | AK10: Houston | AL10: Louisville | AM10: TCU | AN10: Iowa State | AO10: LSU | AP10: Tennessee | AQ10: SMU | AR10: Pittsburgh | AS10: Washington | AT10: Missouri | AU10: Wake Forest | AV10: NC State | AW10: Old Dominion | AX10: New Mexico | AY10: Kennesaw State | AZ10: San Diego State | BA10: Boise State | BB10: Duke | BC10: East Carolina | BD10: Cincinnati | BE10: UConn | BF10: Minnesota | BG10: Troy | BH10: Memphis | BI10: Nebraska | BJ10: Penn State | BK10: Hawai'i | BL10: Clemson | BM10: Fresno State | BN10: California | BO10: Northwestern | BP10: Western Kentucky | BQ10: Washington State | BR10: Western Michigan | BS10: Jacksonville State | BT10: Toledo | BU10: Kansas State | BV10: Mississippi State | BW10: Auburn | BX10: Utah State | BY10: Kentucky | BZ10: Southern Miss | CA10: Florida | CB10: Florida International | CC10: Missouri State | CD10: UTSA | CE10: Rutgers | CF10: Ohio | CG10: Florida State | CH10: Louisiana Tech | CI10: South Carolina | CJ10: Army | CK10: Kansas | CL10: Georgia Southern | CM10: Wisconsin | CN10: Miami (OH) | CO10: Baylor | CP10: West Virginia | CQ10: UCF | CR10: Texas State | CS10: Central Michigan | CT10: Louisiana | CU10: Coastal Carolina | CV10: Temple | CW10: Rice | CX10: Arkansas State | CY10: Stanford | CZ10: Michigan State | DA10: Marshall | DB10: Delaware | DC10: UCLA | DD10: Virginia Tech | DE10: Colorado | DF10: Maryland | DG10: Air Force | DH10: UAB | DI10: North Carolina | DJ10: App State | DK10: Florida Atlantic | DL10: Syracuse | DM10: Purdue | DN10: Arkansas | DO10: Liberty | DP10: South Alabama | DQ10: Buffalo | DR10: Wyoming | DS10: Kent State | DT10: Tulsa | DU10: Akron | DV10: Nevada | DW10: New Mexico State | DX10: San José State | DY10: Boston College | DZ10: Eastern Michigan | EA10: Ball State | EB10: Colorado State | EC10: Bowling Green | ED10: UL Monroe | EE10: Oregon State | EF10: Middle Tennessee | EG10: Oklahoma State | EH10: Northern Illinois | EI10: Georgia State | EJ10: Charlotte | EK10: Sam Houston | EL10: UTEP | EM10: Massachusetts
A11: North Texas | B11: UNLV | C11: BYU | D11: Virginia | E11: Alabama | F11: Troy | G11: Indiana | H11: Indiana | I11: BYU | J11: Ohio State | K11: Oregon | L11: Alabama | M11: Oklahoma | N11: Ole Miss | O11: Texas A&M | P11: Georgia | Q11: Texas Tech | R11: Miami | S11: North Texas | T11: Utah | U11: Vanderbilt | V11: Virginia | W11: Notre Dame | X11: USC | Y11: Michigan | Z11: Arizona | AA11: Texas | AB11: Navy | AC11: James Madison | AD11: UNLV | AE11: Illinois | AF11: Arizona State | AG11: South Florida | AH11: Georgia Tech | AI11: Iowa | AJ11: Houston | AK11: Tulane | AL11: Louisville | AM11: TCU | AN11: Iowa State | AO11: LSU | AP11: Tennessee | AQ11: Missouri | AR11: SMU | AS11: Pittsburgh | AT11: Washington | AU11: Wake Forest | AV11: NC State | AW11: Old Dominion | AX11: New Mexico | AY11: Kennesaw State | AZ11: San Diego State | BA11: Boise State | BB11: Duke | BC11: East Carolina | BD11: Cincinnati | BE11: UConn | BF11: Minnesota | BG11: Troy | BH11: Memphis | BI11: Nebraska | BJ11: Penn State | BK11: Hawai'i | BL11: Clemson | BM11: Fresno State | BN11: California | BO11: Northwestern | BP11: Western Kentucky | BQ11: Washington State | BR11: Western Michigan | BS11: Jacksonville State | BT11: Toledo | BU11: Kansas State | BV11: Auburn | BW11: Utah State | BX11: Mississippi State | BY11: Kentucky | BZ11: Southern Miss | CA11: Florida International | CB11: Missouri State | CC11: UTSA | CD11: Rutgers | CE11: Florida State | CF11: Florida | CG11: Ohio | CH11: Louisiana Tech | CI11: South Carolina | CJ11: Wisconsin | CK11: Army | CL11: Kansas | CM11: Georgia Southern | CN11: Miami (OH) | CO11: Baylor | CP11: West Virginia | CQ11: UCF | CR11: Texas State | CS11: Central Michigan | CT11: Louisiana | CU11: Coastal Carolina | CV11: Temple | CW11: Rice | CX11: Arkansas State | CY11: Stanford | CZ11: Michigan State | DA11: Delaware | DB11: UCLA | DC11: Marshall | DD11: Virginia Tech | DE11: Colorado | DF11: Maryland | DG11: Air Force | DH11: UAB | DI11: North Carolina | DJ11: Florida Atlantic | DK11: App State | DL11: Syracuse | DM11: Purdue | DN11: Arkansas | DO11: Liberty | DP11: South Alabama | DQ11: Buffalo | DR11: Wyoming | DS11: Kent State | DT11: Tulsa | DU11: Akron | DV11: Nevada | DW11: New Mexico State | DX11: San José State | DY11: Boston College | DZ11: Eastern Michigan | EA11: Ball State | EB11: UL Monroe | EC11: Colorado State | ED11: Bowling Green | EE11: Oregon State | EF11: Middle Tennessee | EG11: Oklahoma State | EH11: Northern Illinois | EI11: Georgia State | EJ11: Charlotte | EK11: Sam Houston | EL11: UTEP | EM11: Massachusetts
A12: North Texas | B12: Boise State | C12: BYU | D12: Virginia | E12: Georgia | F12: Troy | G12: Indiana | H12: Indiana | I12: BYU | J12: Ohio State | K12: Georgia | L12: Oregon | M12: Ole Miss | N12: Oklahoma | O12: Texas A&M | P12: Texas Tech | Q12: Alabama | R12: Miami | S12: North Texas | T12: Utah | U12: Notre Dame | V12: Virginia | W12: Vanderbilt | X12: USC | Y12: Michigan | Z12: Arizona | AA12: Texas | AB12: Navy | AC12: James Madison | AD12: Illinois | AE12: South Florida | AF12: Georgia Tech | AG12: Arizona State | AH12: Iowa | AI12: Tulane | AJ12: Houston | AK12: Louisville | AL12: Boise State | AM12: TCU | AN12: Iowa State | AO12: LSU | AP12: Tennessee | AQ12: UNLV | AR12: Pittsburgh | AS12: SMU | AT12: Washington | AU12: Missouri | AV12: Wake Forest | AW12: NC State | AX12: Old Dominion | AY12: San Diego State | AZ12: New Mexico | BA12: Kennesaw State | BB12: Duke | BC12: East Carolina | BD12: Cincinnati | BE12: UConn | BF12: Minnesota | BG12: Troy | BH12: Memphis | BI12: Nebraska | BJ12: Penn State | BK12: Clemson | BL12: Hawai'i | BM12: Fresno State | BN12: California | BO12: Northwestern | BP12: Western Kentucky | BQ12: Washington State | BR12: Western Michigan | BS12: Jacksonville State | BT12: Toledo | BU12: Kansas State | BV12: Mississippi State | BW12: Auburn | BX12: Utah State | BY12: Kentucky | BZ12: Southern Miss | CA12: Florida | CB12: Missouri State | CC12: UTSA | CD12: Florida International | CE12: Rutgers | CF12: Ohio | CG12: Florida State | CH12: Louisiana Tech | CI12: South Carolina | CJ12: Army | CK12: Kansas | CL12: Georgia Southern | CM12: Wisconsin | CN12: Baylor | CO12: Miami (OH) | CP12: West Virginia | CQ12: UCF | CR12: Texas State | CS12: Central Michigan | CT12: Louisiana | CU12: Coastal Carolina | CV12: Temple | CW12: Rice | CX12: Arkansas State | CY12: Stanford | CZ12: Michigan State | DA12: Marshall | DB12: Delaware | DC12: UCLA | DD12: Virginia Tech | DE12: Colorado | DF12: Maryland | DG12: Air Force | DH12: UAB | DI12: North Carolina | DJ12: App State | DK12: Florida Atlantic | DL12: Syracuse | DM12: Purdue | DN12: Arkansas | DO12: Liberty | DP12: South Alabama | DQ12: Buffalo | DR12: Kent State | DS12: Wyoming | DT12: Tulsa | DU12: Nevada | DV12: Akron | DW12: New Mexico State | DX12: San José State | DY12: Boston College | DZ12: Eastern Michigan | EA12: Ball State | EB12: Colorado State | EC12: Bowling Green | ED12: UL Monroe | EE12: Oregon State | EF12: Middle Tennessee | EG12: Oklahoma State | EH12: Northern Illinois | EI12: Georgia State | EJ12: Charlotte | EK12: Sam Houston | EL12: UTEP | EM12: Massachusetts
A13: North Texas | B13: Boise State | C13: BYU | D13: Virginia | E13: Alabama | F13: Troy | G13: Indiana | H13: Indiana | I13: BYU | J13: Ohio State | K13: Oregon | L13: Alabama | M13: Oklahoma | N13: Ole Miss | O13: Texas A&M | P13: Georgia | Q13: Texas Tech | R13: Miami | S13: North Texas | T13: Utah | U13: Vanderbilt | V13: Notre Dame | W13: Virginia | X13: USC | Y13: Michigan | Z13: Arizona | AA13: Texas | AB13: Navy | AC13: James Madison | AD13: Illinois | AE13: South Florida | AF13: Arizona State | AG13: Georgia Tech | AH13: Iowa | AI13: Houston | AJ13: Tulane | AK13: Louisville | AL13: Boise State | AM13: TCU | AN13: Iowa State | AO13: LSU | AP13: Tennessee | AQ13: Missouri | AR13: UNLV | AS13: Pittsburgh | AT13: SMU | AU13: Washington | AV13: Wake Forest | AW13: NC State | AX13: Old Dominion | AY13: San Diego State | AZ13: New Mexico | BA13: Kennesaw State | BB13: Duke | BC13: East Carolina | BD13: Cincinnati | BE13: UConn | BF13: Minnesota | BG13: Troy | BH13: Memphis | BI13: Nebraska | BJ13: Penn State | BK13: Clemson | BL13: Hawai'i | BM13: Fresno State | BN13: California | BO13: Northwestern | BP13: Western Kentucky | BQ13: Washington State | BR13: Western Michigan | BS13: Jacksonville State | BT13: Toledo | BU13: Kansas State | BV13: Auburn | BW13: Utah State | BX13: Mississippi State | BY13: Kentucky | BZ13: Southern Miss | CA13: Florida International | CB13: Missouri State | CC13: UTSA | CD13: Rutgers | CE13: Florida State | CF13: Florida | CG13: Ohio | CH13: Louisiana Tech | CI13: South Carolina | CJ13: Wisconsin | CK13: Army | CL13: Kansas | CM13: Georgia Southern | CN13: Baylor | CO13: Miami (OH) | CP13: West Virginia | CQ13: UCF | CR13: Texas State | CS13: Central Michigan | CT13: Louisiana | CU13: Coastal Carolina | CV13: Temple | CW13: Rice | CX13: Arkansas State | CY13: Stanford | CZ13: Michigan State | DA13: Delaware | DB13: Marshall | DC13: Virginia Tech | DD13: UCLA | DE13: Colorado | DF13: Maryland | DG13: Air Force | DH13: UAB | DI13: North Carolina | DJ13: App State | DK13: Florida Atlantic | DL13: Syracuse | DM13: Purdue | DN13: Arkansas | DO13: Liberty | DP13: South Alabama | DQ13: Buffalo | DR13: Kent State | DS13: Wyoming | DT13: Tulsa | DU13: Nevada | DV13: Akron | DW13: New Mexico State | DX13: San José State | DY13: Boston College | DZ13: Eastern Michigan | EA13: Ball State | EB13: UL Monroe | EC13: Colorado State | ED13: Bowling Green | EE13: Oregon State | EF13: Middle Tennessee | EG13: Oklahoma State | EH13: Northern Illinois | EI13: Georgia State | EJ13: Charlotte | EK13: Sam Houston | EL13: UTEP | EM13: Massachusetts
... A129: Tulane | B129: Boise State | C129: Texas Tech | D129: Virginia | E129: Alabama | F129: James Madison | G129: Ohio State | H129: Ohio State | I129: Indiana | J129: Texas Tech | K129: BYU | L129: Oregon | M129: Alabama | N129: Oklahoma | O129: Ole Miss | P129: Texas A&M | Q129: Georgia | R129: Miami | S129: Utah | T129: Vanderbilt | U129: Notre Dame | V129: Virginia | W129: James Madison | X129: Michigan | Y129: USC | Z129: North Texas | AA129: Arizona | AB129: Texas | AC129: Tulane | AD129: Navy | AE129: Illinois | AF129: Arizona State | AG129: South Florida | AH129: Georgia Tech | AI129: Houston | AJ129: Louisville | AK129: Boise State | AL129: Iowa | AM129: LSU | AN129: TCU | AO129: Iowa State | AP129: Tennessee | AQ129: Washington | AR129: Missouri | AS129: UNLV | AT129: Pittsburgh | AU129: SMU | AV129: Wake Forest | AW129: NC State | AX129: San Diego State | AY129: New Mexico | AZ129: Old Dominion | BA129: Kennesaw State | BB129: Duke | BC129: East Carolina | BD129: UConn | BE129: Minnesota | BF129: Cincinnati | BG129: Memphis | BH129: Nebraska | BI129: Penn State | BJ129: Hawai'i | BK129: Clemson | BL129: Fresno State | BM129: Northwestern | BN129: California | BO129: Western Kentucky | BP129: Washington State | BQ129: Kansas State | BR129: Jacksonville State | BS129: Toledo | BT129: Western Michigan | BU129: Troy | BV129: Auburn | BW129: Utah State | BX129: Mississippi State | BY129: Kentucky | BZ129: Rutgers | CA129: Florida International | CB129: Missouri State | CC129: UTSA | CD129: Ohio | CE129: Southern Miss | CF129: Florida State | CG129: Florida | CH129: Louisiana Tech | CI129: South Carolina | CJ129: Kansas | CK129: Georgia Southern | CL129: Army | CM129: Wisconsin | CN129: Baylor | CO129: Miami (OH) | CP129: West Virginia | CQ129: UCF | CR129: Texas State | CS129: Coastal Carolina | CT129: Central Michigan | CU129: Louisiana | CV129: Temple | CW129: Rice | CX129: Arkansas State | CY129: Stanford | CZ129: Marshall | DA129: Michigan State | DB129: Delaware | DC129: Virginia Tech | DD129: UCLA | DE129: Colorado | DF129: Maryland | DG129: Air Force | DH129: App State | DI129: North Carolina | DJ129: UAB | DK129: Florida Atlantic | DL129: Syracuse | DM129: Purdue | DN129: Liberty | DO129: Arkansas | DP129: South Alabama | DQ129: Buffalo | DR129: Kent State | DS129: Wyoming | DT129: Tulsa | DU129: Nevada | DV129: Akron | DW129: New Mexico State | DX129: San José State | DY129: Boston College | DZ129: Ball State | EA129: Eastern Michigan | EB129: Colorado State | EC129: Bowling Green | ED129: UL Monroe | EE129: Oregon State | EF129: Middle Tennessee | EG129: Oklahoma State | EH129: Northern Illinois | EI129: Georgia State | EJ129: Charlotte | EK129: Sam Houston | EL129: UTEP | EM129: Massachusetts

Sheet Rank Distribution
A1: Team | B1: 1 | C1: 2 | D1: 3 | E1: 4 | F1: 5 | G1: 6 | H1: 7 | I1: 8 | J1: 9 | K1: 10 | L1: 11 | M1: 12 | N1: 13 | O1: 14 | P1: 15 | Q1: 16 | R1: 17 | S1: 18 | T1: 19 | U1: 20 | V1: 21 | W1: 22 | X1: 23 | Y1: 24 | Z1: 25 | AA1: 26 | AB1: 27 | AC1: 28 | AD1: 29 | AE1: 30 | AF1: 31 | AG1: 32 | AH1: 33 | AI1: 34 | AJ1: 35 | AK1: 36 | AL1: 37 | AM1: 38 | AN1: 39 | AO1: 40 | AP1: 41 | AQ1: 42 | AR1: 43 | AS1: 44 | AT1: 45 | AU1: 46 | AV1: 47 | AW1: 48 | AX1: 49 | AY1: 50 | AZ1: 51 | BA1: 52 | BB1: 53 | BC1: 54 | BD1: 55 | BE1: 56 | BF1: 57 | BG1: 58 | BH1: 59 | BI1: 60 | BJ1: 61 | BK1: 62 | BL1: 63 | BM1: 64 | BN1: 65 | BO1: 66 | BP1: 67 | BQ1: 68 | BR1: 69 | BS1: 70 | BT1: 71 | BU1: 72 | BV1: 73 | BW1: 74 | BX1: 75 | BY1: 76 | BZ1: 77 | CA1: 78 | CB1: 79 | CC1: 80 | CD1: 81 | CE1: 82 | CF1: 83 | CG1: 84 | CH1: 85 | CI1: 86 | CJ1: 87 | CK1: 88 | CL1: 89 | CM1: 90 | CN1: 91 | CO1: 92 | CP1: 93 | CQ1: 94 | CR1: 95 | CS1: 96 | CT1: 97 | CU1: 98 | CV1: 99 | CW1: 100 | CX1: 101 | CY1: 102 | CZ1: 103 | DA1: 104 | DB1: 105 | DC1: 106 | DD1: 107 | DE1: 108 | DF1: 109 | DG1: 110 | DH1: 111 | DI1: 112 | DJ1: 113 | DK1: 114 | DL1: 115 | DM1: 116 | DN1: 117 | DO1: 118 | DP1: 119 | DQ1: 120 | DR1: 121 | DS1: 122 | DT1: 123 | DU1: 124 | DV1: 125 | DW1: 126 | DX1: 127 | DY1: 128 | DZ1: 129 | EA1: 130 | EB1: 131 | EC1: 132 | ED1: 133 | EE1: 134 | EF1: 135 | EG1: 136
A2: Indiana | B2: =COUNTIF('Scenario Details'!H$2:H$137,$A2) -> 64 | C2: =COUNTIF('Scenario Details'!I$2:I$137,$A2) -> 32 | D2: =COUNTIF('Scenario Details'!J$2:J$137,$A2) -> 32 | E2: =COUNTIF('Scenario Details'!K$2:K$137,$A2) -> 0 | F2: =COUNTIF('Scenario Details'!L$2:L$137,$A2) -> 0 | G2: =COUNTIF('Scenario Details'!M$2:M$137,$A2) -> 0 | H2: =COUNTIF('Scenario Details'!N$2:N$137,$A2) -> 0 | I2: =COUNTIF('Scenario Details'!O$2:O$137,$A2) -> 0 | ... EG2: =COUNTIF('Scenario Details'!EM$2:EM$137,$A2) -> 0
A3: BYU | B3: =COUNTIF('Scenario Details'!H$2:H$137,$A3) -> 0 | C3: =COUNTIF('Scenario Details'!I$2:I$137,$A3) -> 64 | D3: =COUNTIF('Scenario Details'!J$2:J$137,$A3) -> 0 | E3: =COUNTIF('Scenario Details'!K$2:K$137,$A3) -> 32 | F3: =COUNTIF('Scenario Details'!L$2:L$137,$A3) -> 32 | G3: =COUNTIF('Scenario Details'!M$2:M$137,$A3) -> 0 | H3: =COUNTIF('Scenario Details'!N$2:N$137,$A3) -> 0 | I3: =COUNTIF('Scenario Details'!O$2:O$137,$A3) -> 0 | ... EG3: =COUNTIF('Scenario Details'!EM$2:EM$137,$A3) -> 0
A4: Ohio State | B4: =COUNTIF('Scenario Details'!H$2:H$137,$A4) -> 64 | C4: =COUNTIF('Scenario Details'!I$2:I$137,$A4) -> 32 | D4: =COUNTIF('Scenario Details'!J$2:J$137,$A4) -> 32 | E4: =COUNTIF('Scenario Details'!K$2:K$137,$A4) -> 0 | F4: =COUNTIF('Scenario Details'!L$2:L$137,$A4) -> 0 | G4: =COUNTIF('Scenario Details'!M$2:M$137,$A4) -> 0 | H4: =COUNTIF('Scenario Details'!N$2:N$137,$A4) -> 0 | I4: =COUNTIF('Scenario Details'!O$2:O$137,$A4) -> 0 | ... EG4: =COUNTIF('Scenario Details'!EM$2:EM$137,$A4) -> 0
A5: Georgia | B5: =COUNTIF('Scenario Details'!H$2:H$137,$A5) -> 0 | C5: =COUNTIF('Scenario Details'!I$2:I$137,$A5) -> 0 | D5: =COUNTIF('Scenario Details'!J$2:J$137,$A5) -> 32 | E5: =COUNTIF('Scenario Details'!K$2:K$137,$A5) -> 32 | F5: =COUNTIF('Scenario Details'!L$2:L$137,$A5) -> 0 | G5: =COUNTIF('Scenario Details'!M$2:M$137,$A5) -> 0 | H5: =COUNTIF('Scenario Details'!N$2:N$137,$A5) -> 0 | I5: =COUNTIF('Scenario Details'!O$2:O$137,$A5) -> 0 | ... EG5: =COUNTIF('Scenario Details'!EM$2:EM$137,$A5) -> 0
A6: Oregon | B6: =COUNTIF('Scenario Details'!H$2:H$137,$A6) -> 0 | C6: =COUNTIF('Scenario Details'!I$2:I$137,$A6) -> 0 | D6: =COUNTIF('Scenario Details'!J$2:J$137,$A6) -> 0 | E6: =COUNTIF('Scenario Details'!K$2:K$137,$A6) -> 32 | F6: =COUNTIF('Scenario Details'!L$2:L$137,$A6) -> 64 | G6: =COUNTIF('Scenario Details'!M$2:M$137,$A6) -> 32 | H6: =COUNTIF('Scenario Details'!N$2:N$137,$A6) -> 0 | I6: =COUNTIF('Scenario Details'!O$2:O$137,$A6) -> 0 | ... EG6: =COUNTIF('Scenario Details'!EM$2:EM$137,$A6) -> 0
A7: Ole Miss | B7: =COUNTIF('Scenario Details'!H$2:H$137,$A7) -> 0 | C7: =COUNTIF('Scenario Details'!I$2:I$137,$A7) -> 0 | D7: =COUNTIF('Scenario Details'!J$2:J$137,$A7) -> 0 | E7: =COUNTIF('Scenario Details'!K$2:K$137,$A7) -> 0 | F7: =COUNTIF('Scenario Details'!L$2:L$137,$A7) -> 0 | G7: =COUNTIF('Scenario Details'!M$2:M$137,$A7) -> 32 | H7: =COUNTIF('Scenario Details'!N$2:N$137,$A7) -> 64 | I7: =COUNTIF('Scenario Details'!O$2:O$137,$A7) -> 32 | ... EG7: =COUNTIF('Scenario Details'!EM$2:EM$137,$A7) -> 0
A8: Oklahoma | B8: =COUNTIF('Scenario Details'!H$2:H$137,$A8) -> 0 | C8: =COUNTIF('Scenario Details'!I$2:I$137,$A8) -> 0 | D8: =COUNTIF('Scenario Details'!J$2:J$137,$A8) -> 0 | E8: =COUNTIF('Scenario Details'!K$2:K$137,$A8) -> 0 | F8: =COUNTIF('Scenario Details'!L$2:L$137,$A8) -> 0 | G8: =COUNTIF('Scenario Details'!M$2:M$137,$A8) -> 32 | H8: =COUNTIF('Scenario Details'!N$2:N$137,$A8) -> 64 | I8: =COUNTIF('Scenario Details'!O$2:O$137,$A8) -> 32 | ... EG8: =COUNTIF('Scenario Details'!EM$2:EM$137,$A8) -> 0
A9: Texas A&M | B9: =COUNTIF('Scenario Details'!H$2:H$137,$A9) -> 0 | C9: =COUNTIF('Scenario Details'!I$2:I$137,$A9) -> 0 | D9: =COUNTIF('Scenario Details'!J$2:J$137,$A9) -> 0 | E9: =COUNTIF('Scenario Details'!K$2:K$137,$A9) -> 0 | F9: =COUNTIF('Scenario Details'!L$2:L$137,$A9) -> 0 | G9: =COUNTIF('Scenario Details'!M$2:M$137,$A9) -> 0 | H9: =COUNTIF('Scenario Details'!N$2:N$137,$A9) -> 0 | I9: =COUNTIF('Scenario Details'!O$2:O$137,$A9) -> 64 | ... EG9: =COUNTIF('Scenario Details'!EM$2:EM$137,$A9) -> 0
A10: Texas Tech | B10: =COUNTIF('Scenario Details'!H$2:H$137,$A10) -> 0 | C10: =COUNTIF('Scenario Details'!I$2:I$137,$A10) -> 0 | D10: =COUNTIF('Scenario Details'!J$2:J$137,$A10) -> 32 | E10: =COUNTIF('Scenario Details'!K$2:K$137,$A10) -> 32 | F10: =COUNTIF('Scenario Details'!L$2:L$137,$A10) -> 0 | G10: =COUNTIF('Scenario Details'!M$2:M$137,$A10) -> 0 | H10: =COUNTIF('Scenario Details'!N$2:N$137,$A10) -> 0 | I10: =COUNTIF('Scenario Details'!O$2:O$137,$A10) -> 0 | ... EG10: =COUNTIF('Scenario Details'!EM$2:EM$137,$A10) -> 0
A11: Alabama | B11: =COUNTIF('Scenario Details'!H$2:H$137,$A11) -> 0 | C11: =COUNTIF('Scenario Details'!I$2:I$137,$A11) -> 0 | D11: =COUNTIF('Scenario Details'!J$2:J$137,$A11) -> 0 | E11: =COUNTIF('Scenario Details'!K$2:K$137,$A11) -> 0 | F11: =COUNTIF('Scenario Details'!L$2:L$137,$A11) -> 32 | G11: =COUNTIF('Scenario Details'!M$2:M$137,$A11) -> 32 | H11: =COUNTIF('Scenario Details'!N$2:N$137,$A11) -> 0 | I11: =COUNTIF('Scenario Details'!O$2:O$137,$A11) -> 0 | ... EG11: =COUNTIF('Scenario Details'!EM$2:EM$137,$A11) -> 0
A12: Miami | B12: =COUNTIF('Scenario Details'!H$2:H$137,$A12) -> 0 | C12: =COUNTIF('Scenario Details'!I$2:I$137,$A12) -> 0 | D12: =COUNTIF('Scenario Details'!J$2:J$137,$A12) -> 0 | E12: =COUNTIF('Scenario Details'!K$2:K$137,$A12) -> 0 | F12: =COUNTIF('Scenario Details'!L$2:L$137,$A12) -> 0 | G12: =COUNTIF('Scenario Details'!M$2:M$137,$A12) -> 0 | H12: =COUNTIF('Scenario Details'!N$2:N$137,$A12) -> 0 | I12: =COUNTIF('Scenario Details'!O$2:O$137,$A12) -> 0 | ... EG12: =COUNTIF('Scenario Details'!EM$2:EM$137,$A12) -> 0
A13: North Texas | B13: =COUNTIF('Scenario Details'!H$2:H$137,$A13) -> 0 | C13: =COUNTIF('Scenario Details'!I$2:I$137,$A13) -> 0 | D13: =COUNTIF('Scenario Details'!J$2:J$137,$A13) -> 0 | E13: =COUNTIF('Scenario Details'!K$2:K$137,$A13) -> 0 | F13: =COUNTIF('Scenario Details'!L$2:L$137,$A13) -> 0 | G13: =COUNTIF('Scenario Details'!M$2:M$137,$A13) -> 0 | H13: =COUNTIF('Scenario Details'!N$2:N$137,$A13) -> 0 | I13: =COUNTIF('Scenario Details'!O$2:O$137,$A13) -> 0 | ... EG13: =COUNTIF('Scenario Details'!EM$2:EM$137,$A13) -> 0
... A137: Massachusetts | B137: =COUNTIF('Scenario Details'!H$2:H$137,$A137) -> 0 | C137: =COUNTIF('Scenario Details'!I$2:I$137,$A137) -> 0 | D137: =COUNTIF('Scenario Details'!J$2:J$137,$A137) -> 0 | E137: =COUNTIF('Scenario Details'!K$2:K$137,$A137) -> 0 | F137: =COUNTIF('Scenario Details'!L$2:L$137,$A137) -> 0 | G137: =COUNTIF('Scenario Details'!M$2:M$137,$A137) -> 0 | H137: =COUNTIF('Scenario Details'!N$2:N$137,$A137) -> 0 | I137: =COUNTIF('Scenario Details'!O$2:O$137,$A137) -> 0 | ... EG137: =COUNTIF('Scenario Details'!EM$2:EM$137,$A137) -> 128
